<?xml version="1.0"?>
<doc>
    <assembly>
        <name>FlexMoney.Server</name>
    </assembly>
    <members>
        <member name="T:FlexMoney.Server.Controllers.BaseApiController`1">
            <summary>
            Abstract BaseApi Controller Class
            </summary>
        </member>
        <member name="M:FlexMoney.Server.Controllers.Communication.ChatsController.GetChatHistoryAsync(System.String)">
            <summary>
            Get user wise chat history
            </summary>
            <param name="contactId"></param>
            <returns>Status 200 OK</returns>
        </member>
        <member name="M:FlexMoney.Server.Controllers.Communication.ChatsController.GetChatUsersAsync">
            <summary>
            get available users
            </summary>
            <returns>Status 200 OK</returns>
        </member>
        <member name="M:FlexMoney.Server.Controllers.Communication.ChatsController.SaveMessageAsync(FlexMoney.Application.Models.Chat.ChatHistory{FlexMoney.Application.Interfaces.Chat.IChatUser})">
            <summary>
            Save Chat Message
            </summary>
            <param name="message"></param>
            <returns>Status 200 OK</returns>
        </member>
        <member name="M:FlexMoney.Server.Controllers.Identity.AccountController.UpdateProfile(FlexMoney.Application.Requests.Identity.UpdateProfileRequest)">
            <summary>
            Update Profile
            </summary>
            <param name="model"></param>
            <returns>Status 200 OK</returns>
        </member>
        <member name="M:FlexMoney.Server.Controllers.Identity.AccountController.ChangePassword(FlexMoney.Application.Requests.Identity.ChangePasswordRequest)">
            <summary>
            Change Password
            </summary>
            <param name="model"></param>
            <returns>Status 200 OK</returns>
        </member>
        <member name="M:FlexMoney.Server.Controllers.Identity.AccountController.GetProfilePictureAsync(System.String)">
            <summary>
            Get Profile picture by Id
            </summary>
            <param name="userId"></param>
            <returns>Status 200 OK </returns>
        </member>
        <member name="M:FlexMoney.Server.Controllers.Identity.AccountController.UpdateProfilePictureAsync(FlexMoney.Application.Requests.Identity.UpdateProfilePictureRequest)">
            <summary>
            Update Profile Picture
            </summary>
            <param name="request"></param>
            <returns>Status 200 OK</returns>
        </member>
        <member name="M:FlexMoney.Server.Controllers.Identity.TokenController.Get(FlexMoney.Application.Requests.Identity.TokenRequest)">
            <summary>
            Get Token (Email, Password)
            </summary>
            <param name="model"></param>
            <returns>Status 200 OK</returns>
        </member>
        <member name="M:FlexMoney.Server.Controllers.Identity.TokenController.Refresh(FlexMoney.Application.Requests.Identity.RefreshTokenRequest)">
            <summary>
            Refresh Token
            </summary>
            <param name="model"></param>
            <returns>Status 200 OK</returns>
        </member>
        <member name="M:FlexMoney.Server.Controllers.Identity.UserController.GetAll">
            <summary>
            Get User Details
            </summary>
            <returns>Status 200 OK</returns>
        </member>
        <member name="M:FlexMoney.Server.Controllers.Identity.UserController.GetById(System.String)">
            <summary>
            Get User By Id
            </summary>
            <param name="id"></param>
            <returns>Status 200 OK</returns>
        </member>
        <member name="M:FlexMoney.Server.Controllers.Identity.UserController.GetRolesAsync(System.String)">
            <summary>
            Get User Roles By Id
            </summary>
            <param name="id"></param>
            <returns>Status 200 OK</returns>
        </member>
        <member name="M:FlexMoney.Server.Controllers.Identity.UserController.UpdateRolesAsync(FlexMoney.Application.Requests.Identity.UpdateUserRolesRequest)">
            <summary>
            Update Roles for User
            </summary>
            <param name="request"></param>
            <returns>Status 200 OK</returns>
        </member>
        <member name="M:FlexMoney.Server.Controllers.Identity.UserController.RegisterAsync(FlexMoney.Application.Requests.Identity.RegisterRequest)">
            <summary>
            Register a User
            </summary>
            <param name="request"></param>
            <returns>Status 200 OK</returns>
        </member>
        <member name="M:FlexMoney.Server.Controllers.Identity.UserController.ConfirmEmailAsync(System.String,System.String)">
            <summary>
            Confirm Email
            </summary>
            <param name="userId"></param>
            <param name="code"></param>
            <returns>Status 200 OK</returns>
        </member>
        <member name="M:FlexMoney.Server.Controllers.Identity.UserController.ToggleUserStatusAsync(FlexMoney.Application.Requests.Identity.ToggleUserStatusRequest)">
            <summary>
            Toggle User Status (Activate and Deactivate)
            </summary>
            <param name="request"></param>
            <returns>Status 200 OK</returns>
        </member>
        <member name="M:FlexMoney.Server.Controllers.Identity.UserController.ForgotPasswordAsync(FlexMoney.Application.Requests.Identity.ForgotPasswordRequest)">
            <summary>
            Forgot Password
            </summary>
            <param name="request"></param>
            <returns>Status 200 OK</returns>
        </member>
        <member name="M:FlexMoney.Server.Controllers.Identity.UserController.ResetPasswordAsync(FlexMoney.Application.Requests.Identity.ResetPasswordRequest)">
            <summary>
            Reset Password
            </summary>
            <param name="request"></param>
            <returns>Status 200 OK</returns>
        </member>
        <member name="M:FlexMoney.Server.Controllers.Identity.UserController.Export(System.String)">
            <summary>
            Export to Excel
            </summary>
            <param name="searchString"></param>
            <returns>Status 200 OK</returns>
        </member>
        <member name="M:FlexMoney.Server.Controllers.RoleClaimController.GetAll">
            <summary>
            Get All Role Claims(e.g. Product Create Permission)
            </summary>
            <returns>Status 200 OK</returns>
        </member>
        <member name="M:FlexMoney.Server.Controllers.RoleClaimController.GetAllByRoleId(System.String)">
            <summary>
            Get All Role Claims By Id
            </summary>
            <param name="roleId"></param>
            <returns>Status 200 OK</returns>
        </member>
        <member name="M:FlexMoney.Server.Controllers.RoleClaimController.Post(FlexMoney.Application.Requests.Identity.RoleClaimRequest)">
            <summary>
            Add a Role Claim
            </summary>
            <param name="request"></param>
            <returns>Status 200 OK </returns>
        </member>
        <member name="M:FlexMoney.Server.Controllers.RoleClaimController.Delete(System.Int32)">
            <summary>
            Delete a Role Claim
            </summary>
            <param name="id"></param>
            <returns>Status 200 OK</returns>
        </member>
        <member name="M:FlexMoney.Server.Controllers.RoleController.GetAll">
            <summary>
            Get All Roles (basic, admin etc.)
            </summary>
            <returns>Status 200 OK</returns>
        </member>
        <member name="M:FlexMoney.Server.Controllers.RoleController.Post(FlexMoney.Application.Requests.Identity.RoleRequest)">
            <summary>
            Add a Role
            </summary>
            <param name="request"></param>
            <returns>Status 200 OK</returns>
        </member>
        <member name="M:FlexMoney.Server.Controllers.RoleController.Delete(System.String)">
            <summary>
            Delete a Role
            </summary>
            <param name="id"></param>
            <returns>Status 200 OK</returns>
        </member>
        <member name="M:FlexMoney.Server.Controllers.RoleController.GetPermissionsByRoleId(System.String)">
            <summary>
            Get Permissions By Role Id
            </summary>
            <param name="roleId"></param>
            <returns>Status 200 Ok</returns>
        </member>
        <member name="M:FlexMoney.Server.Controllers.RoleController.Update(FlexMoney.Application.Requests.Identity.PermissionRequest)">
            <summary>
            Edit a Role Claim
            </summary>
            <param name="model"></param>
            <returns></returns>
        </member>
        <member name="M:FlexMoney.Server.Controllers.Utilities.AuditsController.GetUserTrailsAsync">
            <summary>
            Get Current User Audit Trails
            </summary>
            <returns>Status 200 OK</returns>
        </member>
        <member name="M:FlexMoney.Server.Controllers.Utilities.AuditsController.ExportExcel(System.String,System.Boolean,System.Boolean)">
            <summary>
            Search Audit Trails and Export to Excel
            </summary>
            <param name="searchString"></param>
            <param name="searchInOldValues"></param>
            <param name="searchInNewValues"></param>
            <returns>Status 200 OK</returns>
        </member>
        <member name="T:FlexMoney.Server.Controllers.Utilities.ExtendedAttributes.Base.ExtendedAttributesController`4">
            <summary>
            Abstract Extended Attributes Controller Class
            </summary>
        </member>
        <member name="M:FlexMoney.Server.Controllers.Utilities.ExtendedAttributes.Base.ExtendedAttributesController`4.GetAll">
            <summary>
            Get All Entity Extended Attributes
            </summary>
            <returns>Status 200 OK</returns>
        </member>
        <member name="M:FlexMoney.Server.Controllers.Utilities.ExtendedAttributes.Base.ExtendedAttributesController`4.GetAllByEntityId(`1)">
            <summary>
            Get All Entity Extended Attributes by entity id
            </summary>
            <param name="entityId"></param>
            <returns>Status 200 OK</returns>
        </member>
        <member name="M:FlexMoney.Server.Controllers.Utilities.ExtendedAttributes.Base.ExtendedAttributesController`4.GetById(`0)">
            <summary>
            Get Entity Extended Attribute By Id
            </summary>
            <param name="id"></param>
            <returns>Status 200 Ok</returns>
        </member>
        <member name="M:FlexMoney.Server.Controllers.Utilities.ExtendedAttributes.Base.ExtendedAttributesController`4.Post(FlexMoney.Application.Features.ExtendedAttributes.Commands.AddEdit.AddEditExtendedAttributeCommand{`0,`1,`2,`3})">
            <summary>
            Create/Update a Entity Extended Attribute
            </summary>
            <param name="command"></param>
            <returns>Status 200 OK</returns>
        </member>
        <member name="M:FlexMoney.Server.Controllers.Utilities.ExtendedAttributes.Base.ExtendedAttributesController`4.Delete(`0)">
            <summary>
            Delete a Entity Extended Attribute
            </summary>
            <param name="id"></param>
            <returns>Status 200 OK</returns>
        </member>
        <member name="M:FlexMoney.Server.Controllers.Utilities.ExtendedAttributes.Base.ExtendedAttributesController`4.Export(System.String,`1,System.Boolean,System.Boolean,System.String)">
            <summary>
            Search Entity Extended Attribute and Export to Excel
            </summary>
            <param name="searchString"></param>
            <param name="entityId"></param>
            <param name="includeEntity"></param>
            <param name="onlyCurrentGroup"></param>
            <param name="currentGroup"></param>
            <returns></returns>
        </member>
        <member name="M:FlexMoney.Server.Controllers.Utilities.Misc.DocumentsController.GetAll(System.Int32,System.Int32,System.String)">
            <summary>
            Get All Documents
            </summary>
            <param name="pageNumber"></param>
            <param name="pageSize"></param>
            <param name="searchString"></param>
            <returns>Status 200 OK</returns>
        </member>
        <member name="M:FlexMoney.Server.Controllers.Utilities.Misc.DocumentsController.GetById(System.Int32)">
            <summary>
            Get Document By Id
            </summary>
            <param name="id"></param>
            <returns>Status 200 Ok</returns>
        </member>
        <member name="M:FlexMoney.Server.Controllers.Utilities.Misc.DocumentsController.Post(FlexMoney.Application.Features.Documents.Commands.AddEdit.AddEditDocumentCommand)">
            <summary>
            Add/Edit Document
            </summary>
            <param name="command"></param>
            <returns>Status 200 OK</returns>
        </member>
        <member name="M:FlexMoney.Server.Controllers.Utilities.Misc.DocumentsController.Delete(System.Int32)">
            <summary>
            Delete a Document
            </summary>
            <param name="id"></param>
            <returns>Status 200 OK</returns>
        </member>
        <member name="M:FlexMoney.Server.Controllers.Utilities.Misc.DocumentTypesController.GetAll">
            <summary>
            Get All Document Types
            </summary>
            <returns>Status 200 OK</returns>
        </member>
        <member name="M:FlexMoney.Server.Controllers.Utilities.Misc.DocumentTypesController.GetById(System.Int32)">
            <summary>
            Get Document Type By Id
            </summary>
            <param name="id"></param>
            <returns>Status 200 Ok</returns>
        </member>
        <member name="M:FlexMoney.Server.Controllers.Utilities.Misc.DocumentTypesController.Post(FlexMoney.Application.Features.DocumentTypes.Commands.AddEdit.AddEditDocumentTypeCommand)">
            <summary>
            Create/Update a Document Type
            </summary>
            <param name="command"></param>
            <returns>Status 200 OK</returns>
        </member>
        <member name="M:FlexMoney.Server.Controllers.Utilities.Misc.DocumentTypesController.Delete(System.Int32)">
            <summary>
            Delete a Document Type
            </summary>
            <param name="id"></param>
            <returns>Status 200 OK</returns>
        </member>
        <member name="M:FlexMoney.Server.Controllers.Utilities.Misc.DocumentTypesController.Export(System.String)">
            <summary>
            Search Document Types and Export to Excel
            </summary>
            <param name="searchString"></param>
            <returns></returns>
        </member>
        <member name="M:FlexMoney.Server.Controllers.Utilities.PreferencesController.ChangeLanguageAsync(System.String)">
            <summary>
            Change Language Preference
            </summary>
            <param name="languageCode"></param>
            <returns>Status 200 OK</returns>
        </member>
        <member name="M:FlexMoney.Server.Controllers.v1.Catalog.BrandsController.GetAll">
            <summary>
            Get All Brands
            </summary>
            <returns>Status 200 OK</returns>
        </member>
        <member name="M:FlexMoney.Server.Controllers.v1.Catalog.BrandsController.GetById(System.Int32)">
            <summary>
            Get a Brand By Id
            </summary>
            <param name="id"></param>
            <returns>Status 200 Ok</returns>
        </member>
        <member name="M:FlexMoney.Server.Controllers.v1.Catalog.BrandsController.Post(FlexMoney.Application.Features.Brands.Commands.AddEdit.AddEditBrandCommand)">
            <summary>
            Create/Update a Brand
            </summary>
            <param name="command"></param>
            <returns>Status 200 OK</returns>
        </member>
        <member name="M:FlexMoney.Server.Controllers.v1.Catalog.BrandsController.Delete(System.Int32)">
            <summary>
            Delete a Brand
            </summary>
            <param name="id"></param>
            <returns>Status 200 OK</returns>
        </member>
        <member name="M:FlexMoney.Server.Controllers.v1.Catalog.BrandsController.Export(System.String)">
            <summary>
            Search Brands and Export to Excel
            </summary>
            <param name="searchString"></param>
            <returns></returns>
        </member>
        <member name="M:FlexMoney.Server.Controllers.v1.Catalog.MemberLinesController.GetAll">
            <summary>
            Get All Member Line
            </summary>
            <returns>Status 200 OK</returns>
        </member>
        <member name="M:FlexMoney.Server.Controllers.v1.Catalog.MemberLinesController.GetById(System.Int32)">
            <summary>
            Get a Member Line By Id
            </summary>
            <param name="id"></param>
            <returns>Status 200 Ok</returns>
        </member>
        <member name="M:FlexMoney.Server.Controllers.v1.Catalog.MemberLinesController.Post(FlexMoney.Application.Features.MemberLines.Commands.AddEdit.AddEditMemberLineCommand)">
            <summary>
            Create/Update a Member Line
            </summary>
            <param name="command"></param>
            <returns>Status 200 OK</returns>
        </member>
        <member name="M:FlexMoney.Server.Controllers.v1.Catalog.MemberLinesController.Delete(System.Int32)">
            <summary>
            Delete a Member Line
            </summary>
            <param name="id"></param>
            <returns>Status 200 OK</returns>
        </member>
        <member name="M:FlexMoney.Server.Controllers.v1.Catalog.MemberLinesController.GetByLineId(System.Int32)">
            <summary>
            Get a Member Line By Line Id
            </summary>
            <param name="lineId"></param>
            <returns>Status 200 Ok</returns>
        </member>
        <member name="M:FlexMoney.Server.Controllers.v1.Catalog.MembersController.GetAll">
            <summary>
            Get All Members
            </summary>
            <returns>Status 200 OK</returns>
        </member>
        <member name="M:FlexMoney.Server.Controllers.v1.Catalog.MembersController.GetById(System.Int32)">
            <summary>
            Get a Member By Id
            </summary>
            <param name="id"></param>
            <returns>Status 200 Ok</returns>
        </member>
        <member name="M:FlexMoney.Server.Controllers.v1.Catalog.MembersController.Post(FlexMoney.Application.Features.Members.Commands.AddEdit.AddEditMemberCommand)">
            <summary>
            Create/Update a Member
            </summary>
            <param name="command"></param>
            <returns>Status 200 OK</returns>
        </member>
        <member name="M:FlexMoney.Server.Controllers.v1.Catalog.MembersController.Delete(System.Int32)">
            <summary>
            Delete a Member
            </summary>
            <param name="id"></param>
            <returns>Status 200 OK</returns>
        </member>
        <member name="M:FlexMoney.Server.Controllers.v1.Catalog.MoneyLinesController.GetAll">
            <summary>
            Get All Money Line
            </summary>
            <returns>Status 200 OK</returns>
        </member>
        <member name="M:FlexMoney.Server.Controllers.v1.Catalog.MoneyLinesController.GetById(System.Int32)">
            <summary>
            Get a Money Line By Id
            </summary>
            <param name="id"></param>
            <returns>Status 200 Ok</returns>
        </member>
        <member name="M:FlexMoney.Server.Controllers.v1.Catalog.MoneyLinesController.Post(FlexMoney.Application.Features.MoneyLines.Commands.AddEdit.AddEditMoneyLineCommand)">
            <summary>
            Create/Update a Money Line
            </summary>
            <param name="command"></param>
            <returns>Status 200 OK</returns>
        </member>
        <member name="M:FlexMoney.Server.Controllers.v1.Catalog.MoneyLinesController.Delete(System.Int32)">
            <summary>
            Delete a Money Line
            </summary>
            <param name="id"></param>
            <returns>Status 200 OK</returns>
        </member>
        <member name="M:FlexMoney.Server.Controllers.v1.Catalog.ProductsController.GetAll(System.Int32,System.Int32,System.String,System.String)">
            <summary>
            Get All Products
            </summary>
            <param name="pageNumber"></param>
            <param name="pageSize"></param>
            <param name="searchString"></param>
            <param name="orderBy"></param>
            <returns>Status 200 OK</returns>
        </member>
        <member name="M:FlexMoney.Server.Controllers.v1.Catalog.ProductsController.GetProductImageAsync(System.Int32)">
            <summary>
            Get a Product Image by Id
            </summary>
            <param name="id"></param>
            <returns>Status 200 OK</returns>
        </member>
        <member name="M:FlexMoney.Server.Controllers.v1.Catalog.ProductsController.Post(FlexMoney.Application.Features.Products.Commands.AddEdit.AddEditProductCommand)">
            <summary>
            Add/Edit a Product
            </summary>
            <param name="command"></param>
            <returns>Status 200 OK</returns>
        </member>
        <member name="M:FlexMoney.Server.Controllers.v1.Catalog.ProductsController.Delete(System.Int32)">
            <summary>
            Delete a Product
            </summary>
            <param name="id"></param>
            <returns>Status 200 OK response</returns>
        </member>
        <member name="M:FlexMoney.Server.Controllers.v1.Catalog.ProductsController.Export(System.String)">
            <summary>
            Search Products and Export to Excel
            </summary>
            <param name="searchString"></param>
            <returns>Status 200 OK</returns>
        </member>
        <member name="M:FlexMoney.Server.Controllers.v1.Catalog.TransactionsController.GetAll">
            <summary>
            Get All Transactions
            </summary>
            <returns>Status 200 OK</returns>
        </member>
        <member name="M:FlexMoney.Server.Controllers.v1.Catalog.TransactionsController.GetById(System.Int32)">
            <summary>
            Get a Transaction By Id
            </summary>
            <param name="id"></param>
            <returns>Status 200 Ok</returns>
        </member>
        <member name="M:FlexMoney.Server.Controllers.v1.Catalog.TransactionsController.Post(FlexMoney.Application.Features.Transactions.Commands.AddEdit.AddEditTransactionCommand)">
            <summary>
            Create/Update a Transaction
            </summary>
            <param name="command"></param>
            <returns>Status 200 OK</returns>
        </member>
        <member name="M:FlexMoney.Server.Controllers.v1.Catalog.TransactionsController.Delete(System.Int32)">
            <summary>
            Delete a Transaction
            </summary>
            <param name="id"></param>
            <returns>Status 200 OK</returns>
        </member>
        <member name="M:FlexMoney.Server.Controllers.v1.Catalog.TransactionsController.GetByLineId(System.Int32)">
            <summary>
            Get a Transaction By Line Id
            </summary>
            <param name="lineId"></param>
            <returns>Status 200 Ok</returns>
        </member>
        <member name="M:FlexMoney.Server.Controllers.v1.Catalog.TypesController.GetAll">
            <summary>
            Get All Types
            </summary>
            <returns>Status 200 OK</returns>
        </member>
        <member name="M:FlexMoney.Server.Controllers.v1.Catalog.TypesController.GetById(System.Int32)">
            <summary>
            Get a Type By Id
            </summary>
            <param name="id"></param>
            <returns>Status 200 Ok</returns>
        </member>
        <member name="M:FlexMoney.Server.Controllers.v1.Catalog.TypesController.Post(FlexMoney.Application.Features.Types.Commands.AddEdit.AddEditTypeCommand)">
            <summary>
            Create/Update a Type
            </summary>
            <param name="command"></param>
            <returns>Status 200 OK</returns>
        </member>
        <member name="M:FlexMoney.Server.Controllers.v1.Catalog.TypesController.Delete(System.Int32)">
            <summary>
            Delete a Type
            </summary>
            <param name="id"></param>
            <returns>Status 200 OK</returns>
        </member>
        <member name="M:FlexMoney.Server.Controllers.v1.DashboardController.GetDataAsync">
            <summary>
            Get Dashboard Data
            </summary>
            <returns>Status 200 OK </returns>
        </member>
    </members>
</doc>
