{
  "cacheBootResources": true,
  "config": [ ],
  "debugBuild": false,
  "entryAssembly": "FlexMoney.Client",
  "icuDataMode": 1,
  "linkerEnabled": true,
  "resources": {
    "assembly": {
      "AutoMapper.dll": "sha256-hlhMw9lEMr4bsPAeXV2dfYJ6RE4BIL0DEw1u5a9O9W0=",
      "AutoMapper.Extensions.Microsoft.DependencyInjection.dll": "sha256-kKXOakfqBB8K+WHTC63lO2XZhaBRGOOAFwu6c+D4VWc=",
      "Blazored.FluentValidation.dll": "sha256-9z1MEAnn5QmnUOzfPgRD+ks29vTDb9DYqY+I3v1zfoM=",
      "Blazored.LocalStorage.dll": "sha256-uY2ERHMILJtHL7xbvGDKMMPCgWikvrFjzBjfQHD95B4=",
      "Bunit.Core.dll": "sha256-zovgNsbcjw0E1mKARotcbS2KOf6eBmcW1ZoYMMtVIQo=",
      "FluentValidation.dll": "sha256-HnJ8YlwWp30DpXLhWPL2fH2kdE08nI8I9c6xxaM3dmM=",
      "LazyCache.dll": "sha256-0OfAbXBuxnvZf0h1akuV+DzP7Z6bdGRlC3huFGIl0bk=",
      "MediatR.dll": "sha256-fQTLMGLCCX5kLC\/epoTUwFSME++hDMWmDcXy2s+i968=",
      "MediatR.Extensions.Microsoft.DependencyInjection.dll": "sha256-McFxOavRmxN4ebFsUFlEjLsqKd3e2nTYqi0rftdNhaY=",
      "Microsoft.AspNetCore.Authorization.dll": "sha256-TMt2QvbsmWRTLiLcjllZ0LvaQe5O5xaBKZ\/dzEqcq+8=",
      "Microsoft.AspNetCore.Components.dll": "sha256-aor73cMCJgXvU3irn5zugvY2qc0JGAsp1rpD8KberMA=",
      "Microsoft.AspNetCore.Components.Authorization.dll": "sha256-A\/dm0X1t6ZmafxqEUeeomsOwJu1KapT1dU7VRWF1zMo=",
      "Microsoft.AspNetCore.Components.Forms.dll": "sha256-ATTxtquKitrvWDvwILX6nSFf3cxSgjxqwXJ7cFfVMEI=",
      "Microsoft.AspNetCore.Components.Web.dll": "sha256-E6luwzYNFF7QdTryz\/pnYy1GCNnqukPU8nPbBwwIoQI=",
      "Microsoft.AspNetCore.Components.WebAssembly.dll": "sha256-KbbFIRcpCYpg2OQ1CwMQWG4jf0g4RmtyM6nXmcfVPtY=",
      "Microsoft.AspNetCore.Connections.Abstractions.dll": "sha256-Rr1ujW6VxVr582Oz3Gw5YYzq1mgAiOXfrgue9CC4zmc=",
      "Microsoft.AspNetCore.Http.Connections.Client.dll": "sha256-lquAIDEFlaqF4rNdObSTlmbcWYErMESJdqDVc5Io\/r0=",
      "Microsoft.AspNetCore.Http.Connections.Common.dll": "sha256-4SigFNRR78+11LTbzSvGkjmFrO9kENfovr9fwSMix+k=",
      "Microsoft.AspNetCore.Http.Features.dll": "sha256-oE\/vo1NYlx4jQ0vipyH8fZ8N7jDQ67VoMXCYnItcIzU=",
      "Microsoft.AspNetCore.Metadata.dll": "sha256-0UlX\/tKKRK\/m+62dyX3bYsE+SgCWzpdLTjxiHPiBxeE=",
      "Microsoft.AspNetCore.SignalR.Client.dll": "sha256-EoK0+uvKJ+V9ePXVIk5qk5M1\/EOeNM0kjwRdjxnsppc=",
      "Microsoft.AspNetCore.SignalR.Client.Core.dll": "sha256-8S11MC4FqAgkI3aeiuivj0Xg1N0Qs7dVamXGEkXFMTk=",
      "Microsoft.AspNetCore.SignalR.Common.dll": "sha256-\/IJl0Q7\/iIvyaEdNA5Dtk8ou3xQDzc8pDp\/uKAs\/4zo=",
      "Microsoft.AspNetCore.SignalR.Protocols.Json.dll": "sha256-8BQA5wtleOHd\/2RWw17YekCbYdp0JTU1KuCBzXp1I1o=",
      "Microsoft.AspNetCore.WebUtilities.dll": "sha256-MFmpP+OZMhkLBzrW\/6jJ9u37L6ZBcTSkHD1MHRB8V\/w=",
      "Microsoft.EntityFrameworkCore.dll": "sha256-4F2\/AcqiQa+jRTaIpNN2inGhwtqH5ynK0E0PpcUafQI=",
      "Microsoft.EntityFrameworkCore.Abstractions.dll": "sha256-hlnqPDQjeJILIodbJng3zJIcySy6nfVvFCsuB34jV80=",
      "Microsoft.Extensions.Caching.Abstractions.dll": "sha256-GLW6u+4Sr7PZb6WzYUvty0cDrFouYJN3pbNOXjyJ7vg=",
      "Microsoft.Extensions.Caching.Memory.dll": "sha256-kTk2ijwghKqNZ+ucC+vyt0kbV6p4lNSCi\/oL\/0RRdQA=",
      "Microsoft.Extensions.Configuration.dll": "sha256-MCCnmMwltKrJUB1+mgDFfKN8Ft\/fydHiu0aLJQobPss=",
      "Microsoft.Extensions.Configuration.Abstractions.dll": "sha256-BJeRgbVSljLQ+sCKsDWwFbyJvkSF84fed7rcf5+GK4s=",
      "Microsoft.Extensions.Configuration.Json.dll": "sha256-GcqOItT9TLap0aRlf66Tqc0ycCSRvh9ZZ2eP2AnyT90=",
      "Microsoft.Extensions.DependencyInjection.dll": "sha256-N6tQGxPmk+RQg5ep7WlvjBLjRqbCwyh2Lym5VOarr4I=",
      "Microsoft.Extensions.DependencyInjection.Abstractions.dll": "sha256-8Q6N28XoswfM1u5+nvJTFpORjIL4WjqR5FVex8\/RezE=",
      "Microsoft.Extensions.Http.dll": "sha256-+BJWa52BrK5HVkSwi2gqdA+LFka5S7vBEiEdZPMul1k=",
      "Microsoft.Extensions.Identity.Core.dll": "sha256-FEDquqy8j53BQsB3jeyxn\/12H6h10eaCBtbZWn8tai4=",
      "Microsoft.Extensions.Localization.dll": "sha256-0l+cZRmQxAlXB+lfiYxKWoJRHk+oISs0dAOI\/nUhPu4=",
      "Microsoft.Extensions.Localization.Abstractions.dll": "sha256-aXB1D96esf8B3T3mZEug6\/8S9As1LuCW33\/Ny06a\/qk=",
      "Microsoft.Extensions.Logging.dll": "sha256-ztG9pWh1TnE+ZhdsvtcTM29+FQMFpRDqS4yWpWb8xEs=",
      "Microsoft.Extensions.Logging.Abstractions.dll": "sha256-imqGZeQi0TZH6ldB6GkS9zKkz7OZyH5gsns8Cjy5i1M=",
      "Microsoft.Extensions.Options.dll": "sha256-izqUJw3YuPYGPDAsaAMwMzFMywEpKltFbytp3q68XXY=",
      "Microsoft.Extensions.Primitives.dll": "sha256-LqGaptJQwy+IbqAZARfWFaprbHGnB5+w8q1\/Hmy6ScQ=",
      "Microsoft.JSInterop.dll": "sha256-WNtvSVKeBJshuvQBXMrnytFHgfCNoU67w7uou3Jcz8w=",
      "Microsoft.JSInterop.WebAssembly.dll": "sha256-D\/H0cYPGORjCt+3sLCM+KB0lVo8i\/fKjVi2cMhJM1YQ=",
      "Microsoft.Net.Http.Headers.dll": "sha256-P66ftDrXwc6ayND8uYzIk0CPQy1GjNZAPHx9RMhi3V4=",
      "MudBlazor.dll": "sha256-ycT2bCRahh8zRDM8gYdg09t89kNxwZA6pF31rAWTbwM=",
      "Newtonsoft.Json.dll": "sha256-cs8pHUurDt0IqbB8YXPh560au3q3J\/1wRL9jBddRVmE=",
      "Polly.dll": "sha256-N0S3tkkK+T28kAx579pskQnJtFvJyCd8gU935OdjoHo=",
      "Polly.Extensions.Http.dll": "sha256-2Fko7Lrhp7qO8hi8vDjnMdqlMUVrXRjhYPSaXjhEAlw=",
      "System.IO.Pipelines.dll": "sha256-3ET+mpR7F058YRj9YaLHOVXBqOW6iUxtIpeiKPYw4PA=",
      "System.Linq.Dynamic.Core.dll": "sha256-aeuKudT8r3tMsT0\/agRjPoklPcbU64MvLDw4RBt5XD4=",
      "System.Security.Cryptography.Pkcs.dll": "sha256-N9DCLv4KncFaeu+Mm\/p0z9Tpm18+0BHixwnRgbTu9aI=",
      "System.Security.Cryptography.Xml.dll": "sha256-7+zqG+1zKg9E8FY+goqBhYQMEMi6XJ5kjHHxKwjKvwk=",
      "System.Security.Permissions.dll": "sha256-jKmbTXbScI0nBA2C2HyfK+smmH4oMUauprwnXZLolc4=",
      "Toolbelt.Blazor.HttpClientInterceptor.dll": "sha256-VvptbTL9GRzmnyqpRx9JS5DRDJYwpPhemANuEZkIrVA=",
      "FlexMoney.Application.dll": "sha256-I9tn5onHNm0o2yXh3nNKEcfDHbmtjJ1UkihaseleRGY=",
      "FlexMoney.Client.Infrastructure.dll": "sha256-6XJHJpq9+koTSEWfrifW7vIYdq7IhMnppSyzqBZuMQU=",
      "FlexMoney.Domain.dll": "sha256-7MamcB9wZ7vuUg3qK8nnZRKTXuwXGaKw0iFYPfHsQeQ=",
      "FlexMoney.Shared.dll": "sha256-ChIzmaj0hQTP3H5Af4svjQtxOwdz\/eLvL8mDYJ80BVQ=",
      "FlexMoney.Client.dll": "sha256-z+suZ2a3acK1L\/R\/3NafBfSJwH+o\/UlTBWUGfPr528A=",
      "Microsoft.CSharp.dll": "sha256-RiOHJrIVAB2CUMWEGrAN3lYrXvCz3+zTnHLN9eC4oA4=",
      "Microsoft.Win32.Primitives.dll": "sha256-Uz7JIv2\/9zjwylu5Dr4Cf2aI6MciwwbgY9jgrQn3k3s=",
      "System.Buffers.dll": "sha256-8j\/d1uD8VduPLbeS+USAJ9Z\/kTKsZtrNguq4Henca9s=",
      "System.Collections.Concurrent.dll": "sha256-H2DgS4D0oPHH9lDRWH\/uYuIsz50HFEBWFfp9el6yCkI=",
      "System.Collections.Immutable.dll": "sha256-5cIhgQxh+L2DlOtBnxnCCeeoBi33U1ppTtV27lPCHrM=",
      "System.Collections.NonGeneric.dll": "sha256-SmVt1B3ibuVQleEMw4KY3b7CNdlyOoTNHDERJqmo+M8=",
      "System.Collections.Specialized.dll": "sha256-oySSCmywEjLyOqkRszX4CvbMCDCbsjB28Yx3o1UyHxQ=",
      "System.Collections.dll": "sha256-Y1nbEYcb1s7\/HWJPMgwrOkjBdcJhbfu8BC8TJ77h25Y=",
      "System.ComponentModel.Annotations.dll": "sha256-wsD4FmNbBEaaADujRy\/Q2YrIboRwwIi7QM56quFTmq8=",
      "System.ComponentModel.Primitives.dll": "sha256-T7WVGxMLnJEr89VZWkys7OLSRFUft9JhLRlKqlV77cQ=",
      "System.ComponentModel.TypeConverter.dll": "sha256-VDvF+RhO7GI7T1qVsP\/L7eSWo5UZLsMd4xJW6MKKXi8=",
      "System.ComponentModel.dll": "sha256-\/tiPproJZNNtJiNpNCXGB4nVuXwkpsNCFTVvn\/hQVhs=",
      "System.Console.dll": "sha256-ect77eXC1UmerblMQyVDk6ODEF5W82XRME\/QE5hm8AI=",
      "System.Core.dll": "sha256-AXfcYzsNAlww26uYWBQxl4qP0qT148WWCRRQnKdLdWM=",
      "System.Data.Common.dll": "sha256-3\/jDuVZumwSITduB7H23nD3UJRimEjGYb5WDU+bkm88=",
      "System.Diagnostics.Debug.dll": "sha256-DFD5LxtgEA5f9gCXggtbu5cRxdct1IZRM1aJGQ5spk8=",
      "System.Diagnostics.DiagnosticSource.dll": "sha256-qh5BU8zVmbeebQuLpdciVa3bolJFOAJhho1IvMopqKE=",
      "System.Diagnostics.TraceSource.dll": "sha256-GNFXrl0r2IR6nvPlXz7sBw1MXdNw5yHTMjULgWHY4X4=",
      "System.Drawing.Primitives.dll": "sha256-Ux+h\/q9hyz4SCm8D48cqQjlFll99vacooF0h+KlJ9rA=",
      "System.Drawing.dll": "sha256-nAvPp9vktPcYmCv5\/O9JlRGEzaivoI5XV57NER+j+l4=",
      "System.IO.FileSystem.dll": "sha256-CVg28IuWe0U2rJk0jICT0CiRbX\/PV0gHh1RcLW0UfuM=",
      "System.Linq.Expressions.dll": "sha256-u\/JNbamnbjwmGs6IiKDV7rwXRQiypL6UW2lhepkvlp8=",
      "System.Linq.Queryable.dll": "sha256-wiPRjoqeIVJytddk19BkuXK3WhbCa4Qp4\/bJs82gPXk=",
      "System.Linq.dll": "sha256-8W3QCiHrWlo55dXOE+qtlL9NtDVWEBM9OQxCkLvG51k=",
      "System.Memory.dll": "sha256-+yJkPGaGtXxtuD+YPUCA3donPKrc0udWgRM1Bi+uahw=",
      "System.Net.Http.Json.dll": "sha256-70YqHHE3\/va0pFMkxc9EzVJidjfoZXP8PElKluH5js8=",
      "System.Net.Http.dll": "sha256-nMF7Xy4Y4npBtyrKL+PcPeVUZtuln20Y3toZcAF1tJs=",
      "System.Net.NetworkInformation.dll": "sha256-bxd8oKMqwJWwCfsdJZSGxfzsq4khdb+bI\/kOX7jhcVQ=",
      "System.Net.Primitives.dll": "sha256-AZNvg90tFuL4zqkjC8T7CN3WgYxOh1H\/LLh5YQL+RFo=",
      "System.Net.Requests.dll": "sha256-e\/fJhpWxGTCVI5tDeJHwUMZRPFPEqwIAHTjXvaNuyz0=",
      "System.Net.Security.dll": "sha256-6EmAyzEbToto3\/iS1K0iFxoboK4LkBDM+IJQftWYiTk=",
      "System.Net.WebSockets.Client.dll": "sha256-MfaYnj6OawQvUWIepw+k1wP3pK5wugIZIFy7SPkkA6U=",
      "System.Net.WebSockets.dll": "sha256-QtsI9AR2O17kjWGyF9BmSFJmD28OFYhGMbDbdCKBNDI=",
      "System.ObjectModel.dll": "sha256-hAMov8eDzp9p5eNMYeJdJd9Zjq1GihlrqeM0KkYAH8Y=",
      "System.Private.Runtime.InteropServices.JavaScript.dll": "sha256-loZwftlooKBpBC0666Byn1YXkb50opL9D4Pwu0c6C5s=",
      "System.Private.Uri.dll": "sha256-3A86kXnW7sYxhYqRN3sjbEnjjQ0AkLvHoIaCuEDrk2A=",
      "System.Private.Xml.Linq.dll": "sha256-4KcHjQG57JvQbfY8zEvtBjBIWI+HLtUDuPpHMx4IvAc=",
      "System.Private.Xml.dll": "sha256-GtEQxpDMOTBrDBI7Oj95e0Vkytb9A81RR7VeUoPoRIo=",
      "System.Reflection.Emit.ILGeneration.dll": "sha256-67ZF6Ynf9EXNa2ZJSnvW6wHh5OtYDFV77MbBw\/etncg=",
      "System.Reflection.Emit.dll": "sha256-XIPRBxlcVi3\/zZULNIg+BxS2sDchnNQK8F9a\/C5qgwE=",
      "System.Reflection.Primitives.dll": "sha256-q\/JqOJaFjFIZrrd0XSvAdvXUH66c+zXGIW4ecpU9dKo=",
      "System.Resources.ResourceManager.dll": "sha256-Cs1\/Ix1OJe4oyWwB9dTP1tR0+rv50UIffEQYFjkReXs=",
      "System.Runtime.CompilerServices.Unsafe.dll": "sha256-3VHEMDUsNPFEmowJl1efp2CvvxfNHf5Qw1kvAqUrCns=",
      "System.Runtime.Extensions.dll": "sha256-5e1LDJI8DI7k7MR2SpjV7cbd68l2dmf0VJ\/dHlO7H9w=",
      "System.Runtime.InteropServices.RuntimeInformation.dll": "sha256-usTuvZcxXVBIJMw2pHySss26CJzslj33I7phkwRZlkg=",
      "System.Runtime.InteropServices.dll": "sha256-pSfxtmpq1efEOXNaVduhSwUid1hfzHBeHVOoO3U59k4=",
      "System.Runtime.Numerics.dll": "sha256-swDUS7V0bw7thX1FM7xNda+WxaM3U6ovsLdD59KGS+E=",
      "System.Runtime.Serialization.Formatters.dll": "sha256-swViCXMezL4yZaMJn+vO2So7khuH6xO6FpmXiryY5oo=",
      "System.Runtime.Serialization.Primitives.dll": "sha256-K5NyAgKR1ydXur13xM7HPH74Dd\/Xad3Do7zlZuY9ffk=",
      "System.Runtime.dll": "sha256-uk9yBAl5XUe9inLsU1MRodZ+S6YVdy5tPvqAeObjMXg=",
      "System.Security.AccessControl.dll": "sha256-NsUcR\/qNYo7hjV9PQLOKi8n4wWxFCwENUTvalzfB\/vE=",
      "System.Security.Claims.dll": "sha256-r3I+PON9xftNMCb1aMmeOE5QXIbyHe2cZPyCZrJGZQU=",
      "System.Security.Cryptography.Algorithms.dll": "sha256-vSVZKsFDieLENO2yV0bVTfZAPRKZGnpDNgj2w5s26t4=",
      "System.Security.Cryptography.Csp.dll": "sha256-l6uagGx3IqclVf2SFAeWUfypghGDVXJfn2cGXrDuMJg=",
      "System.Security.Cryptography.Encoding.dll": "sha256-PQ\/HHjGVCksntg5i9gneVmmSkWVLBWXn929yMFvFask=",
      "System.Security.Cryptography.Primitives.dll": "sha256-F3W6dcmo52ieATnCXOexy14f8NAaghUaUMbnX18+wO8=",
      "System.Security.Cryptography.X509Certificates.dll": "sha256-1N4CS53HHdBbWpVBB7bSOZe1g\/Oeqjb8Any4ZcpIbCw=",
      "System.Security.Principal.Windows.dll": "sha256-YLT8r+uYHxSFF1JYtQB3gv+AD5DX9Gf1mvq0eoNkB4k=",
      "System.Text.Encoding.Extensions.dll": "sha256-9AMS7gHqjA0Fnt5VxXB5y0209QJ5NsBlCfPWMlL2wP4=",
      "System.Text.Encodings.Web.dll": "sha256-YNs9q4OUvYpLUMrUmP67buO\/LHoqyBznEBJseRIBMRI=",
      "System.Text.Json.dll": "sha256-z0jsmn92XQzsIR\/BgmRbFj9U0yf7gnBmC0yCKRVPhVY=",
      "System.Text.RegularExpressions.dll": "sha256-J\/A6KlBK51l4BCnguiESV7OA2JvEEDy5Eb13KiJ9XYA=",
      "System.Threading.Channels.dll": "sha256-IQIelnNVuBaImt0b1HG+knQ7n8jCScXz97qc3PweuVo=",
      "System.Threading.Tasks.dll": "sha256-XCI9ityfDYfAf8WP\/ZIuBdcQ1rEzQbHgG\/TofpUvtTk=",
      "System.Threading.ThreadPool.dll": "sha256-PNGkToQipDqwTh\/6z52NwdJ8GUk7wcG0dF2gzinDkmI=",
      "System.Threading.dll": "sha256-T10OgLvt+SWLLIZlewI\/O8c+QMUsBjv2bWxpQKm7LKc=",
      "System.Transactions.Local.dll": "sha256-X9Vuzy924FELfGDTFmAB8Cb\/De2ie4Dneq0jjs\/NsVY=",
      "System.dll": "sha256-\/X1GLT\/fztZwHSGwkc\/vYBFk1tHphk2yO9lmCxhgGzU=",
      "netstandard.dll": "sha256-nNzJBPkit+J\/hAOvq4jrqrsChXjEA2e5t\/9LuQBogRU=",
      "System.Private.CoreLib.dll": "sha256-9xaQsQ28Zk2gIrX9LweJQnOjIO7qoWtI8ox+JnL98fs="
    },
    "extensions": null,
    "lazyAssembly": null,
    "libraryInitializers": null,
    "pdb": null,
    "runtime": {
      "dotnet.timezones.blat": "sha256-8oJip361m8OrfLRJOuIeswWKaoxtT27\/wINCxhn+s4c=",
      "dotnet.wasm": "sha256-YXYNlLeMqRPFVpY2KSDhleLkNk35d9KvzzwwKAoiftc=",
      "icudt.dat": "sha256-m7NyeXyxM+CL04jr9ui1Z6pVfMWwhHusuz5qNZWpAwA=",
      "icudt_CJK.dat": "sha256-91bygK5voY9lG5wxP0\/uj7uH5xljF9u7iWnSldT1Z\/g=",
      "icudt_EFIGS.dat": "sha256-DPfeOLph83b2rdx40cKxIBcfVZ8abTWAFq+RBQMxGw0=",
      "icudt_no_CJK.dat": "sha256-oM7Z6aN9jHmCYqDMCBwFgFAYAGgsH1jLC\/Z6DYeVmmk=",
      "dotnet.5.0.17.js": "sha256-bN7gtVqP2mIpLB0ilKP5kcTBnBDitG1uYoLSnd\/WeBY="
    },
    "satelliteResources": {
      "de": {
        "de\/FlexMoney.Client.resources.dll": "sha256-c0\/+E90kfzC05GkmaJOvEIlpoF7MkboQ\/RgKJ\/XeOcY=",
        "de\/FlexMoney.Application.resources.dll": "sha256-OYWNip8d2s72iDdt0tg01GSweRd4rCEXRUKfIh8E1mU="
      },
      "en": {
        "en\/FlexMoney.Client.resources.dll": "sha256-d\/bUobqe4SzjO4cBCaAZilodxqdjTgOV7CRPnp0eeEM=",
        "en\/FlexMoney.Client.Infrastructure.resources.dll": "sha256-taWbfiOjxya\/jILvZ410oM5AMKW6uW2GntGild1BaKQ=",
        "en\/FlexMoney.Application.resources.dll": "sha256-NwjaiUIjO91fZDT+gudPoHQS5nwlKSPjGAmkquLNrwQ="
      },
      "es": {
        "es\/FlexMoney.Client.resources.dll": "sha256-+SYQ8jDz2ngm7PA23dXR2p5DA2fpiSMkMAk6uD9MXb0=",
        "es\/FlexMoney.Application.resources.dll": "sha256-m0MfcgpNMoMql600RkvLUTfJX8gFD0um7MOQcaVbwGs="
      },
      "id": {
        "id\/FlexMoney.Client.resources.dll": "sha256-gRwgUgmLTg2PsIV1hzraYA6dgO06n+sRCSuyhqvjWLY=",
        "id\/FlexMoney.Application.resources.dll": "sha256-dEje5WTE9sdjFJFVGo4dYV2tUMcufPF+e\/aK3kG\/Lmw="
      },
      "it": {
        "it\/FlexMoney.Client.resources.dll": "sha256-4Qj5WT8CLjZWIlRop3VfnEn9rQGshPFiOkCks1FHGgg=",
        "it\/FlexMoney.Application.resources.dll": "sha256-Mgo4B0nwF5hImtihqEUyIwzOBpmIiKfi8qvF4+nSEUM="
      },
      "km": {
        "km\/FlexMoney.Client.resources.dll": "sha256-wczmzTSScHUnh8WdWrGLHvBG84Uz2T5jOq\/9Y5M0pNU=",
        "km\/FlexMoney.Client.Infrastructure.resources.dll": "sha256-XuIFXKpSVxZVyMpjbSr63GJWz5v65JJKPbT8PwHCrN4=",
        "km\/FlexMoney.Application.resources.dll": "sha256-IOj94SvUT7hbcLM+qtS+Z5XrKcAJcMcpCj6\/LuApiRk="
      },
      "ru": {
        "ru\/FlexMoney.Client.resources.dll": "sha256-dmwkYKh7PPpyHtsvIhQMNsn8G9j1MViIJ0XHKCfWirY=",
        "ru\/FlexMoney.Client.Infrastructure.resources.dll": "sha256-RUG0DWYUivGiGqQRiuwo4L99UW1n1OX0aOh\/+1JLcK8=",
        "ru\/FlexMoney.Application.resources.dll": "sha256-Ms4QJBellUqRk3OlyUEEaZL4wsS6cR8Gn7TEi1HCDUU="
      },
      "sv": {
        "sv\/FlexMoney.Client.resources.dll": "sha256-7BOU2gq8toaZwO\/wXO0DelhG+PhiI+QEut6SSfY3lmA=",
        "sv\/FlexMoney.Application.resources.dll": "sha256-Vu10LLh479b2vCueSLU88SYqt8bI6B0smz7KSFPnQcY="
      },
      "fr": {
        "fr\/FlexMoney.Client.resources.dll": "sha256-biv8bu+DQiwNWM0DIGzvr\/SFqxbHFUK6pAJ4hKm6F8o=",
        "fr\/FlexMoney.Application.resources.dll": "sha256-D7CwZwLzKSTYbcD09UeNSOSy5K4dQLC9irDVwohAMQs="
      }
    }
  }
}